"LedgerDirect.confirm.payment.changeXrpPaymentMethod","XRP Zahlungsart ändern"
"LedgerDirect.paymentPage.sendXrpMessage","Bitte zahlen Sie <strong>%1</strong> XRP an die folgende Adresse:"
"LedgerDirect.paymentPage.sendTokenMessage","Bitte zahlen Sie <strong>%1</strong> <strong>%2</strong> an folgende Adresse:"
"LedgerDirect.paymentPage.destinationAccountLabel","Account"
"LedgerDirect.paymentPage.destinationTagLabel","Destination Tag"
"LedgerDirect.paymentPage.destinationTagWarning","Der Destination Tag muss beim Senden von %1 für eine korrekte Zuordnung der Zahlung mit angegeben werden."
"LedgerDirect.paymentPage.checkPaymentButton","Zahlungseingang prüfen"
"LedgerDirect.paymentPage.wrongTokenNotice","Es ist eine Zahlung über %1 eingegangen, aber nicht in dem Token, in dem diese Bestellung ausgewiesen ist — Währung oder Herausgeber stimmen nicht, sie kann deshalb nicht angerechnet werden. Bitte senden Sie %2 %3 vom oben angegebenen Herausgeber, oder melden Sie sich bei uns wegen der bereits geleisteten Zahlung."
"LedgerDirect.paymentPage.partialPaymentNotice","Bisher %1 eingegangen. Es fehlen noch %2 — bitte senden Sie den Restbetrag an dieselbe Adresse, mit derselben Destination Tag."
"LedgerDirect.paymentPage.quoteValidFor","Dieser Betrag gilt noch"
"LedgerDirect.paymentPage.quoteExpired","Dieser Kurs ist abgelaufen. Der Wechselkurs kann sich seitdem geändert haben."
"LedgerDirect.paymentPage.quoteExpiredDoNotResend","Den alten Betrag schon gesendet? Senden Sie ihn nicht erneut — nutzen Sie stattdessen die Schaltfläche unten."
"LedgerDirect.paymentPage.refreshQuoteButton","Betrag aktualisieren"
"LedgerDirect.paymentPage.orderNumber","Bestellnummer"
"LedgerDirect.paymentPage.total","Preis"
"LedgerDirect.paymentPage.exchangeRate","Wechselkurs"
"LedgerDirect.paymentPage.network","Netzwerk"
"LedgerDirect.paymentPage.backButton","Zurück zum Warenkorb"
"XRPL payment incomplete","XRPL-Zahlung unvollständig"
"Asset","Asset"
"Amount requested","Geforderter Betrag"
"Exchange rate","Wechselkurs"
"Destination account","Empfangskonto"
"Destination tag","Destination Tag"
"Issuer","Herausgeber"
"Quote valid until","Kurs gültig bis"
"Payment status","Zahlungsstatus"
"Amount received","Eingegangener Betrag"
"Amount outstanding","Offener Betrag"
"Transaction","Transaktion"
"CTID","CTID"
"Settled","Bezahlt"
"Partially paid","Teilweise bezahlt"
"Payment in the wrong asset","Zahlung im falschen Asset"
"Quote expired, nothing received","Kurs abgelaufen, nichts eingegangen"
"Waiting for payment","Warten auf Zahlung"
"%1 %2 from issuer %3 - not the requested asset, not credited","%1 %2 von Herausgeber %3 – nicht das geforderte Asset, nicht angerechnet"
