"LedgerDirect.confirm.payment.changeXrpPaymentMethod","Change XRP payment method"
"LedgerDirect.paymentPage.sendXrpMessage","Please send <strong>%1</strong> XRP to the following address:"
"LedgerDirect.paymentPage.sendTokenMessage","Please send <strong>%1</strong> <strong>%2</strong> to the following address:"
"LedgerDirect.paymentPage.destinationAccountLabel","Account"
"LedgerDirect.paymentPage.destinationTagLabel","Destination Tag"
"LedgerDirect.paymentPage.destinationTagWarning","It's important to include the given destination tag when sending %1 from your wallet."
"LedgerDirect.paymentPage.checkPaymentButton","Check payment processing"
"LedgerDirect.paymentPage.wrongTokenNotice","A payment of %1 arrived, but not in the token this order is quoted in — the currency or the issuer does not match, so it cannot be credited. Please send %2 %3 from the issuer shown above, or contact us about the payment you already made."
"LedgerDirect.paymentPage.partialPaymentNotice","%1 received so far. %2 is still outstanding — please send the remaining amount to the same address, with the same destination tag."
"LedgerDirect.paymentPage.quoteValidFor","This amount is guaranteed for"
"LedgerDirect.paymentPage.quoteExpired","This quote has expired. The exchange rate may have moved since."
"LedgerDirect.paymentPage.quoteExpiredDoNotResend","Already sent the old amount? Do not send it again — use the check button below instead."
"LedgerDirect.paymentPage.refreshQuoteButton","Get an updated amount"
"LedgerDirect.paymentPage.orderNumber","Order No."
"LedgerDirect.paymentPage.total","Total"
"LedgerDirect.paymentPage.exchangeRate","Rate"
"LedgerDirect.paymentPage.network","Network"
"LedgerDirect.paymentPage.backButton","Back to cart"
"XRPL payment incomplete","XRPL payment incomplete"
